__yearly__,yy_psav_ratio
2030,17.96195885
2040,28.88237734
2050,37.60791743
